Workbook

Sheet Calculadora
A1: Código del Producto | B1: Producto | C1: Cantidad a Comprar | D1: Descuento (%) | E1: Costo Unitario | F1: Costo Total | G1: Costo con Descuento
A2: R-0001 | B2: =VLOOKUP(Tabla2[[#This Row],[Código del Producto]],'Base de Datos'!A:B,2,0) -> Monitor | C2: 20 | D2: =IF(C2<15,"0%",IF(C2<30,"15%",IF(C2<50,"30%",IF(C2>50,"50%")))) -> 15% | E2: =VLOOKUP(A2,'Base de Datos'!A:D,4,0) -> 280 | F2: =C2*E2 -> 5600 | G2: =IF(D2>0,F2- (F2*D2),F2) -> 4760
A3: R-0002 | B3: =VLOOKUP(Tabla2[[#This Row],[Código del Producto]],'Base de Datos'!A:B,2,0) -> Impresora | C3: 25 | D3: =IF(C3<15,"0%",IF(C3<30,"15%",IF(C3<50,"30%",IF(C3>50,"50%")))) -> 15% | E3: =VLOOKUP(A3,'Base de Datos'!A:D,4,0) -> 200 | F3: =C3*E3 -> 5000 | G3: =IF(D3>0,F3- (F3*D3),F3) -> 4250
A4: R-0003 | B4: =VLOOKUP(Tabla2[[#This Row],[Código del Producto]],'Base de Datos'!A:B,2,0) -> Escritorio | C4: 5 | D4: =IF(C4<15,"0%",IF(C4<30,"15%",IF(C4<50,"30%",IF(C4>50,"50%")))) -> 0% | E4: =VLOOKUP(A4,'Base de Datos'!A:D,4,0) -> 350 | F4: =C4*E4 -> 1750 | G4: =IF(D4>0,F4- (F4*D4),F4) -> 1750
A5: R-0004 | B5: =VLOOKUP(Tabla2[[#This Row],[Código del Producto]],'Base de Datos'!A:B,2,0) -> Silla Ergonómica | C5: 10 | D5: =IF(C5<15,"0%",IF(C5<30,"15%",IF(C5<50,"30%",IF(C5>50,"50%")))) -> 0% | E5: =VLOOKUP(A5,'Base de Datos'!A:D,4,0) -> 180 | F5: =C5*E5 -> 1800 | G5: =IF(D5>0,F5- (F5*D5),F5) -> 1800
A6: R-0005 | B6: =VLOOKUP(Tabla2[[#This Row],[Código del Producto]],'Base de Datos'!A:B,2,0) -> Audífonos | C6: 10 | D6: =IF(C6<15,"0%",IF(C6<30,"15%",IF(C6<50,"30%",IF(C6>50,"50%")))) -> 0% | E6: =VLOOKUP(A6,'Base de Datos'!A:D,4,0) -> 75 | F6: =C6*E6 -> 750 | G6: =IF(D6>0,F6- (F6*D6),F6) -> 750
A7: R-0006 | B7: =VLOOKUP(Tabla2[[#This Row],[Código del Producto]],'Base de Datos'!A:B,2,0) -> Disco Duro Externo | C7: 20 | D7: =IF(C7<15,"0%",IF(C7<30,"15%",IF(C7<50,"30%",IF(C7>50,"50%")))) -> 15% | E7: =VLOOKUP(A7,'Base de Datos'!A:D,4,0) -> 110 | F7: =C7*E7 -> 2200 | G7: =IF(D7>0,F7- (F7*D7),F7) -> 1870
A8: R-0007 | B8: =VLOOKUP(Tabla2[[#This Row],[Código del Producto]],'Base de Datos'!A:B,2,0) -> Memoria USB | C8: 99 | D8: =IF(C8<15,"0%",IF(C8<30,"15%",IF(C8<50,"30%",IF(C8>50,"50%")))) -> 50% | E8: =VLOOKUP(A8,'Base de Datos'!A:D,4,0) -> 20 | F8: =C8*E8 -> 1980 | G8: =IF(D8>0,F8- (F8*D8),F8) -> 990
A9: R-0008 | B9: =VLOOKUP(Tabla2[[#This Row],[Código del Producto]],'Base de Datos'!A:B,2,0) -> Webcam | C9: 51 | D9: =IF(C9<15,"0%",IF(C9<30,"15%",IF(C9<50,"30%",IF(C9>50,"50%")))) -> 50% | E9: =VLOOKUP(A9,'Base de Datos'!A:D,4,0) -> 90 | F9: =C9*E9 -> 4590 | G9: =IF(D9>0,F9- (F9*D9),F9) -> 2295
A10: R-0009 | B10: =VLOOKUP(Tabla2[[#This Row],[Código del Producto]],'Base de Datos'!A:B,2,0) -> Router WiFi | C10: 25 | D10: =IF(C10<15,"0%",IF(C10<30,"15%",IF(C10<50,"30%",IF(C10>50,"50%")))) -> 15% | E10: =VLOOKUP(A10,'Base de Datos'!A:D,4,0) -> 130 | F10: =C10*E10 -> 3250 | G10: =IF(D10>0,F10- (F10*D10),F10) -> 2762.5
A11: R-0010 | B11: =VLOOKUP(Tabla2[[#This Row],[Código del Producto]],'Base de Datos'!A:B,2,0) -> Proyector | C11: 5 | D11: =IF(C11<15,"0%",IF(C11<30,"15%",IF(C11<50,"30%",IF(C11>50,"50%")))) -> 0% | E11: =VLOOKUP(A11,'Base de Datos'!A:D,4,0) -> 500 | F11: =C11*E11 -> 2500 | G11: =IF(D11>0,F11- (F11*D11),F11) -> 2500
A12: R-0011 | B12: =VLOOKUP(Tabla2[[#This Row],[Código del Producto]],'Base de Datos'!A:B,2,0) -> Tableta Gráfica | C12: 2 | D12: =IF(C12<15,"0%",IF(C12<30,"15%",IF(C12<50,"30%",IF(C12>50,"50%")))) -> 0% | E12: =VLOOKUP(A12,'Base de Datos'!A:D,4,0) -> 250 | F12: =C12*E12 -> 500 | G12: =IF(D12>0,F12- (F12*D12),F12) -> 500
A13: R-0012 | B13: =VLOOKUP(Tabla2[[#This Row],[Código del Producto]],'Base de Datos'!A:B,2,0) -> Mochila para Laptop | C13: 15 | D13: =IF(C13<15,"0%",IF(C13<30,"15%",IF(C13<50,"30%",IF(C13>50,"50%")))) -> 15% | E13: =VLOOKUP(A13,'Base de Datos'!A:D,4,0) -> 40 | F13: =C13*E13 -> 600 | G13: =IF(D13>0,F13- (F13*D13),F13) -> 510

Sheet Base de Datos
A1: Código | B1: Producto | C1: Categoría | D1: Costo Unitario | E1: Stock
A2: R-0001 | B2: Monitor | C2: Electrónica | D2: 280 | E2: 30
A3: R-0002 | B3: Impresora | C3: Oficina | D3: 200 | E3: 15
A4: R-0003 | B4: Escritorio | C4: Muebles | D4: 350 | E4: 10
A5: R-0004 | B5: Silla Ergonómica | C5: Muebles | D5: 180 | E5: 25
A6: R-0005 | B6: Audífonos | C6: Electrónica | D6: 75 | E6: 120
A7: R-0006 | B7: Disco Duro Externo | C7: Almacenamiento | D7: 110 | E7: 50
A8: R-0007 | B8: Memoria USB | C8: Almacenamiento | D8: 20 | E8: 300
A9: R-0008 | B9: Webcam | C9: Electrónica | D9: 90 | E9: 60
A10: R-0009 | B10: Router WiFi | C10: Electrónica | D10: 130 | E10: 40
A11: R-0010 | B11: Proyector | C11: Oficina | D11: 500 | E11: 8
A12: R-0011 | B12: Tableta Gráfica | C12: Electrónica | D12: 250 | E12: 12
A13: R-0012 | B13: Mochila para Laptop | C13: Accesorios | D13: 40 | E13: 100
A14: R-0013 | B14: Reloj | C14: Electrónica | D14: 15 | E14: 20
